1.0,0.95,0.9,0.85,0.8,0.75,0.7,0.65,0.6,0.55,0.5
0.1799687010954617,0.19092331768388104,0.19666145018257697,0.2232655190401669,0.24047991653625456,0.24726134585289516,0.26134585289514867,0.2665623369848722,0.31872717788210747,0.32081377151799684,0.34324465310380803
0.1799687010954617,0.19979134063641102,0.2097026604068858,0.2164840897235264,0.22117892540427753,0.2222222222222222,0.22796035472091813,0.27595200834637457,0.28429838288993214,0.307772561293688,0.3296817944705268
0.18101199791340639,0.18101199791340639,0.18205529473135107,0.2008346374543558,0.2243088158581117,0.2363067292644757,0.2503912363067292,0.2749087115284299,0.27699530516431925,0.3255086071987481,0.32603025560772037
0.14866979655712054,0.14866979655712054,0.19718309859154926,0.19718309859154926,0.19718309859154926,0.21335419926969224,0.2749087115284299,0.2942097026604069,0.29786124152321336,0.2999478351591027,0.3291601460615545
0.14814814814814814,0.18362023995826815,0.23161189358372458,0.24673969744392277,0.26082420448617627,0.279603547209181,0.279603547209181,0.29890453834115804,0.30672926447574334,0.3661971830985915,0.3661971830985915
0.1935315597287428,0.19770474700052165,0.20344287949921758,0.21387584767866463,0.21387584767866463,0.22117892540427753,0.25612936880542514,0.27021387584767864,0.3103808033385498,0.32603025560772037,0.34272300469483563
0.1789254042775169,0.1789254042775169,0.18935837245696396,0.23422013562858635,0.24256651017214392,0.251434533124674,0.260302556077204,0.3103808033385498,0.32811684924360984,0.3390714658320292,0.36411058946270214
0.21126760563380287,0.21126760563380287,0.22117892540427753,0.23213354199269687,0.23213354199269687,0.23526343244653103,0.23526343244653103,0.23526343244653103,0.3223787167449139,0.323943661971831,0.3390714658320292
0.16953573291601465,0.16953573291601465,0.17005738132498693,0.2097026604068858,0.21283255086071984,0.23265519040166927,0.23265519040166927,0.24882629107981225,0.3093375065206051,0.3458528951486698,0.34950443401147624
0.18257694314032347,0.18257694314032347,0.18257694314032347,0.1950965049556599,0.19926969222743873,0.21804903495044337,0.21804903495044337,0.2237871674491393,0.29107981220657275,0.29107981220657275,0.3004694835680751
0.14710485133020346,0.16744913928012517,0.17005738132498693,0.2086593635889411,0.2164840897235264,0.21909233176838816,0.21961398017736045,0.23369848721961395,0.3025560772039645,0.30464267083985397,0.3390714658320292
0.18570683359415752,0.20344287949921758,0.2076160667709963,0.21178925404277515,0.21178925404277515,0.21231090245174755,0.24673969744392277,0.2519561815336463,0.3098591549295775,0.33333333333333337,0.34011476264997387
0.1658841940532081,0.1658841940532081,0.1658841940532081,0.18466353677621283,0.20500782472613455,0.2222222222222222,0.22743870631194574,0.25456442357850806,0.32655190401669276,0.3364632237871674,0.3369848721961398
0.2076160667709963,0.2076160667709963,0.2222222222222222,0.23526343244653103,0.2363067292644757,0.26238914971309335,0.28482003129890454,0.28482003129890454,0.3155972874282733,0.3155972874282733,0.3229003651538863
0.1794470526864893,0.1794470526864893,0.22483046426708397,0.23161189358372458,0.23526343244653103,0.23578508085550343,0.24830464267083985,0.24934793948878453,0.3296817944705268,0.3656755346896192,0.3677621283255086
0.16118935837245696,0.187793427230047,0.19248826291079812,0.19248826291079812,0.2091810119979134,0.2091810119979134,0.21022430881585807,0.2733437663015128,0.31403234220135634,0.31403234220135634,0.31403234220135634
0.14501825769431398,0.19822639540949405,0.2013562858633281,0.21283255086071984,0.21700573813249868,0.22691705790297345,0.23995826812728216,0.27856025039123633,0.27856025039123633,0.34115805946791866,0.3458528951486698
0.180490349504434,0.180490349504434,0.19874804381846634,0.19926969222743873,0.22013562858633284,0.24986958789775693,0.2519561815336463,0.2519561815336463,0.3109024517475222,0.32707355242566505,0.3317683881064163
0.1789254042775169,0.1950965049556599,0.2008346374543558,0.20448617631716226,0.20448617631716226,0.2232655190401669,0.22848200312989042,0.23161189358372458,0.2733437663015128,0.3114241001564946,0.31194574856546686
0.1950965049556599,0.2076160667709963,0.21178925404277515,0.21752738654147108,0.21909233176838816,0.2227438706311946,0.22483046426708397,0.22483046426708397,0.31246739697443926,0.33385498174230566,0.33541992696922274
0.1867501304121022,0.1867501304121022,0.20031298904538342,0.20031298904538342,0.2097026604068858,0.21283255086071984,0.21283255086071984,0.2227438706311946,0.29003651538862807,0.32029212310902455,0.3296817944705268
0.17736045905059994,0.2222222222222222,0.22535211267605637,0.24726134585289516,0.24726134585289516,0.2681272822117893,0.30412102243088157,0.3218570683359415,0.3223787167449139,0.33541992696922274,0.3505477308294209
0.19874804381846634,0.21752738654147108,0.24308815858111632,0.2582159624413145,0.26082420448617627,0.26238914971309335,0.26238914971309335,0.2801251956181534,0.3103808033385498,0.3541992696922275,0.3588941053729786
0.1648408972352634,0.1648408972352634,0.17788210745957223,0.22691705790297345,0.22743870631194574,0.22743870631194574,0.23526343244653103,0.2947313510693792,0.2947313510693792,0.3474178403755869,0.3474178403755869
0.18988002086593636,0.18988002086593636,0.20605112154407934,0.21857068335941576,0.22117892540427753,0.22117892540427753,0.22117892540427753,0.2373500260824204,0.24152321335419924,0.31194574856546686,0.33541992696922274
0.1648408972352634,0.1648408972352634,0.19666145018257697,0.21387584767866463,0.23213354199269687,0.23213354199269687,0.23213354199269687,0.25665101721439754,0.3103808033385498,0.3103808033385498,0.3442879499217527
0.21439749608763692,0.21439749608763692,0.21752738654147108,0.22796035472091813,0.23161189358372458,0.2368283776734481,0.24204486176317164,0.2503912363067292,0.35524256651017216,0.396452790818988,0.39906103286384975
0.1799687010954617,0.18831507563901928,0.21909233176838816,0.2305685967657799,0.24778299426186745,0.2503912363067292,0.2503912363067292,0.2524778299426187,0.315075639019301,0.3468961919666145,0.3536776212832551
0.17788210745957223,0.1799687010954617,0.18309859154929575,0.22117892540427753,0.22848200312989042,0.26291079812206575,0.2655190401669275,0.33437663015127805,0.34793948878455916,0.3656755346896192,0.3677621283255086
0.1867501304121022,0.20709441836202402,0.22065727699530513,0.22587376108502866,0.22900365153886282,0.23317683881064166,0.2373500260824204,0.30620761606677105,0.3474178403755869,0.3661971830985915,0.36984872196139806
0.16327595200834633,0.19822639540949405,0.20709441836202402,0.22743870631194574,0.24152321335419924,0.25456442357850806,0.2582159624413145,0.26291079812206575,0.295774647887324,0.3098591549295775,0.3114241001564946
0.1658841940532081,0.1658841940532081,0.16849243609806985,0.17005738132498693,0.1945748565466875,0.2013562858633281,0.20448617631716226,0.20709441836202402,0.3015127803860198,0.3030777256129369,0.31194574856546686
0.1721439749608764,0.19926969222743873,0.19926969222743873,0.21335419926969224,0.21961398017736045,0.2237871674491393,0.23213354199269687,0.23317683881064166,0.32707355242566505,0.32707355242566505,0.3515910276473657
0.17840375586854462,0.17840375586854462,0.1799687010954617,0.21700573813249868,0.21804903495044337,0.21804903495044337,0.22117892540427753,0.22483046426708397,0.2681272822117893,0.29890453834115804,0.31924882629107976
0.16171100678142936,0.16744913928012517,0.1721439749608764,0.19561815336463229,0.19770474700052165,0.19926969222743873,0.2300469483568075,0.2300469483568075,0.23109024517475218,0.332811684924361,0.33489827856025034
0.17475221700573818,0.18883672404799168,0.19770474700052165,0.19979134063641102,0.19979134063641102,0.22065727699530513,0.2446531038080334,0.24673969744392277,0.34063641105894626,0.34063641105894626,0.352112676056338
0.1658841940532081,0.1731872717788211,0.21178925404277515,0.2154407929055816,0.2164840897235264,0.22691705790297345,0.2509128847157016,0.2571726656233698,0.28429838288993214,0.31872717788210747,0.31977047470005215
0.14971309337506522,0.1789254042775169,0.1789254042775169,0.21231090245174755,0.21961398017736045,0.23422013562858635,0.279603547209181,0.28534167970787694,0.3296817944705268,0.37193531559728743,0.3740219092331768
0.16379760041731872,0.1867501304121022,0.20657276995305163,0.2081377151799687,0.22535211267605637,0.22587376108502866,0.2368283776734481,0.2383933229003652,0.3229003651538863,0.3307250912884716,0.332811684924361
0.15649452269170583,0.1799687010954617,0.1799687010954617,0.1799687010954617,0.24152321335419924,0.24152321335419924,0.24152321335419924,0.3155972874282733,0.3155972874282733,0.3442879499217527,0.3536776212832551
0.18570683359415752,0.19144496609285344,0.20292123109024518,0.20552947313510694,0.20709441836202402,0.2086593635889411,0.22900365153886282,0.24726134585289516,0.27856025039123633,0.30672926447574334,0.31194574856546686
0.15545122587376103,0.16118935837245696,0.16379760041731872,0.16692749087115288,0.19718309859154926,0.19979134063641102,0.2076160667709963,0.2081377151799687,0.26864893062076156,0.26864893062076156,0.3145539906103286
0.15492957746478875,0.15492957746478875,0.16379760041731872,0.2013562858633281,0.2018779342723005,0.20292123109024518,0.20657276995305163,0.20709441836202402,0.31246739697443926,0.34167970787689095,0.35002608242044864
0.21231090245174755,0.21231090245174755,0.22170057381324992,0.22170057381324992,0.22170057381324992,0.2363067292644757,0.2363067292644757,0.2446531038080334,0.3088158581116328,0.32811684924360984,0.33541992696922274
0.15492957746478875,0.15492957746478875,0.16118935837245696,0.21178925404277515,0.21178925404277515,0.2295252999478351,0.2592592592592593,0.2670839853938446,0.30672926447574334,0.3468961919666145,0.3468961919666145
0.1794470526864893,0.19561815336463229,0.20031298904538342,0.20239958268127278,0.2081377151799687,0.22065727699530513,0.2383933229003652,0.24778299426186745,0.3255086071987481,0.3255086071987481,0.3468961919666145
0.17423056859676578,0.17423056859676578,0.17736045905059994,0.2091810119979134,0.21231090245174755,0.21231090245174755,0.21439749608763692,0.2227438706311946,0.33594157537819513,0.33594157537819513,0.3364632237871674
0.16014606155451228,0.1872717788210746,0.19144496609285344,0.1940532081377152,0.2018779342723005,0.21022430881585807,0.23161189358372458,0.23422013562858635,0.28534167970787694,0.3176838810641628,0.32133541992696923
0.16431924882629112,0.16431924882629112,0.17110067814293162,0.20657276995305163,0.22483046426708397,0.23578508085550343,0.23578508085550343,0.2363067292644757,0.2968179447052687,0.3296817944705268,0.33594157537819513
0.14919144496609282,0.15336463223787167,0.15336463223787167,0.16118935837245696,0.18205529473135107,0.22065727699530513,0.22117892540427753,0.26447574334898283,0.3088158581116328,0.33385498174230566,0.33385498174230566
0.1517996870109546,0.1580594679186228,0.18570683359415752,0.2008346374543558,0.21752738654147108,0.21752738654147108,0.21752738654147108,0.2300469483568075,0.28534167970787694,0.30412102243088157,0.31351069379238394
0.1721439749608764,0.2076160667709963,0.21022430881585807,0.21178925404277515,0.2237871674491393,0.25508607198748046,0.25508607198748046,0.2592592592592593,0.30516431924882625,0.34220135628586335,0.34220135628586335
0.18518518518518523,0.19144496609285344,0.19770474700052165,0.20448617631716226,0.20552947313510694,0.21804903495044337,0.21804903495044337,0.28429838288993214,0.3229003651538863,0.332811684924361,0.3364632237871674
0.17423056859676578,0.17423056859676578,0.2081377151799687,0.21700573813249868,0.21857068335941576,0.21857068335941576,0.2363067292644757,0.2816901408450704,0.2827334376630152,0.31403234220135634,0.3234220135628586
0.16379760041731872,0.19718309859154926,0.20396452790818986,0.21909233176838816,0.22535211267605637,0.23161189358372458,0.23161189358372458,0.23213354199269687,0.2869066249347939,0.2999478351591027,0.3249869587897757
0.15492957746478875,0.18153364632237867,0.18153364632237867,0.1862284820031299,0.20657276995305163,0.20657276995305163,0.20657276995305163,0.25612936880542514,0.2592592592592593,0.3098591549295775,0.3166405842462181
0.20448617631716226,0.20448617631716226,0.21387584767866463,0.2368283776734481,0.24830464267083985,0.251434533124674,0.25560772039645274,0.2962962962962963,0.3515910276473657,0.35732916014606153,0.3599374021909233
0.20239958268127278,0.20239958268127278,0.21491914449660932,0.21961398017736045,0.22848200312989042,0.2373500260824204,0.24204486176317164,0.24882629107981225,0.34115805946791866,0.3453312467396974,0.34846113719353156
0.17840375586854462,0.19666145018257697,0.19926969222743873,0.20605112154407934,0.20657276995305163,0.20657276995305163,0.2086593635889411,0.26447574334898283,0.3088158581116328,0.3302034428794992,0.3307250912884716
0.1935315597287428,0.1935315597287428,0.2013562858633281,0.2013562858633281,0.2018779342723005,0.20605112154407934,0.20709441836202402,0.21022430881585807,0.2723004694835681,0.3114241001564946,0.3244653103808033
0.19979134063641102,0.19979134063641102,0.22691705790297345,0.2383933229003652,0.25508607198748046,0.25612936880542514,0.25665101721439754,0.3093375065206051,0.37663015127803856,0.3808033385498174,0.3813249869587898
0.180490349504434,0.180490349504434,0.21909233176838816,0.22170057381324992,0.2232655190401669,0.2237871674491393,0.2592592592592593,0.260302556077204,0.26291079812206575,0.35524256651017216,0.35732916014606153
0.17005738132498693,0.19092331768388104,0.19300991131977052,0.23213354199269687,0.23213354199269687,0.23265519040166927,0.28534167970787694,0.31246739697443926,0.3166405842462181,0.3312467396974439,0.3390714658320292
0.15962441314553988,0.15962441314553988,0.2013562858633281,0.2013562858633281,0.20344287949921758,0.20448617631716226,0.21283255086071984,0.2811684924360981,0.2811684924360981,0.32759520083463745,0.32759520083463745
0.1721439749608764,0.19300991131977052,0.19926969222743873,0.2008346374543558,0.2086593635889411,0.22170057381324992,0.2227438706311946,0.22535211267605637,0.288471570161711,0.288471570161711,0.30620761606677105
0.18153364632237867,0.18153364632237867,0.18153364632237867,0.20292123109024518,0.20552947313510694,0.2154407929055816,0.2154407929055816,0.215962441314554,0.2451747522170057,0.3161189358372457,0.3161189358372457
0.20605112154407934,0.20605112154407934,0.22796035472091813,0.22796035472091813,0.23109024517475218,0.23109024517475218,0.23213354199269687,0.2806468440271257,0.28377673448095986,0.3098591549295775,0.3291601460615545
0.15962441314553988,0.16379760041731872,0.20605112154407934,0.215962441314554,0.23369848721961395,0.25560772039645274,0.2592592592592593,0.30672926447574334,0.31246739697443926,0.323943661971831,0.3380281690140845
0.1591027647365676,0.19040166927490876,0.19040166927490876,0.21074595722483047,0.21961398017736045,0.2363067292644757,0.24360980699008872,0.2582159624413145,0.2649973917579551,0.31351069379238394,0.3176838810641628
0.2008346374543558,0.2008346374543558,0.21857068335941576,0.2300469483568075,0.2300469483568075,0.2509128847157016,0.2509128847157016,0.2576943140323422,0.2999478351591027,0.3020344287949922,0.3218570683359415
0.16066770996348456,0.16066770996348456,0.18518518518518523,0.19196661450182573,0.1940532081377152,0.1945748565466875,0.19613980177360457,0.22065727699530513,0.3218570683359415,0.3255086071987481,0.3255086071987481
0.16901408450704225,0.16901408450704225,0.17840375586854462,0.17840375586854462,0.187793427230047,0.19092331768388104,0.21909233176838816,0.21961398017736045,0.29316640584246223,0.3249869587897757,0.3302034428794992
0.17423056859676578,0.17423056859676578,0.18205529473135107,0.187793427230047,0.19718309859154926,0.2013562858633281,0.22535211267605637,0.22535211267605637,0.2717788210745957,0.3025560772039645,0.3109024517475222
0.1507563901930099,0.1507563901930099,0.16849243609806985,0.18570683359415752,0.19718309859154926,0.21439749608763692,0.21752738654147108,0.24621804903495048,0.24621804903495048,0.3009911319770475,0.30516431924882625
0.1648408972352634,0.19718309859154926,0.2008346374543558,0.20396452790818986,0.2076160667709963,0.2076160667709963,0.24882629107981225,0.26082420448617627,0.31977047470005215,0.32707355242566505,0.3531559728742827
0.1648408972352634,0.1950965049556599,0.20031298904538342,0.20031298904538342,0.20552947313510694,0.21961398017736045,0.22483046426708397,0.23265519040166927,0.3255086071987481,0.3463745435576422,0.3515910276473657
0.1940532081377152,0.21178925404277515,0.21439749608763692,0.2222222222222222,0.23369848721961395,0.23474178403755863,0.2373500260824204,0.2373500260824204,0.32811684924360984,0.3661971830985915,0.3661971830985915
0.18257694314032347,0.18257694314032347,0.21752738654147108,0.21857068335941576,0.21857068335941576,0.26395409494001043,0.2728221178925404,0.2728221178925404,0.295774647887324,0.3448095983307251,0.3468961919666145
0.19561815336463229,0.19561815336463229,0.21231090245174755,0.21700573813249868,0.21804903495044337,0.22743870631194574,0.22743870631194574,0.22743870631194574,0.23317683881064166,0.2801251956181534,0.2947313510693792
0.17840375586854462,0.17840375586854462,0.17840375586854462,0.19979134063641102,0.2013562858633281,0.20344287949921758,0.20344287949921758,0.2655190401669275,0.3009911319770475,0.3229003651538863,0.32655190401669276
0.19979134063641102,0.21126760563380287,0.2222222222222222,0.2222222222222222,0.2222222222222222,0.2305685967657799,0.28429838288993214,0.31246739697443926,0.33541992696922274,0.34272300469483563,0.35524256651017216
0.17683881064162754,0.19874804381846634,0.2086593635889411,0.21387584767866463,0.22900365153886282,0.2305685967657799,0.23578508085550343,0.26238914971309335,0.32655190401669276,0.3437663015127804,0.352112676056338
0.17370892018779338,0.17475221700573818,0.1935315597287428,0.1935315597287428,0.2013562858633281,0.20239958268127278,0.20500782472613455,0.2076160667709963,0.2540427751695358,0.3082942097026604,0.3114241001564946
0.1721439749608764,0.1721439749608764,0.2154407929055816,0.22170057381324992,0.22170057381324992,0.2237871674491393,0.2237871674491393,0.2237871674491393,0.3249869587897757,0.35785080855503393,0.35785080855503393
0.19300991131977052,0.20552947313510694,0.21439749608763692,0.21439749608763692,0.22639540949400105,0.28377673448095986,0.2879499217527387,0.2879499217527387,0.3307250912884716,0.37819509650495564,0.3808033385498174
0.19144496609285344,0.19144496609285344,0.1935315597287428,0.20239958268127278,0.23161189358372458,0.23265519040166927,0.24726134585289516,0.24726134585289516,0.32081377151799684,0.32081377151799684,0.3322900365153886
0.18257694314032347,0.20396452790818986,0.20500782472613455,0.20552947313510694,0.2300469483568075,0.25612936880542514,0.2576943140323422,0.3004694835680751,0.3093375065206051,0.3390714658320292,0.3526343244653104
0.14658320292123106,0.14658320292123106,0.19770474700052165,0.20657276995305163,0.2086593635889411,0.21387584767866463,0.215962441314554,0.2811684924360981,0.2816901408450704,0.3515910276473657,0.3526343244653104
0.1648408972352634,0.19718309859154926,0.19926969222743873,0.20657276995305163,0.20657276995305163,0.22587376108502866,0.23161189358372458,0.23526343244653103,0.32029212310902455,0.3255086071987481,0.332811684924361
0.18309859154929575,0.1935315597287428,0.1935315597287428,0.19770474700052165,0.19979134063641102,0.20031298904538342,0.21335419926969224,0.21335419926969224,0.24986958789775693,0.2811684924360981,0.3114241001564946
0.143453312467397,0.16118935837245696,0.1653625456442358,0.20239958268127278,0.20239958268127278,0.21126760563380287,0.21909233176838816,0.2952529994783516,0.3020344287949922,0.34272300469483563,0.34846113719353156
0.18570683359415752,0.2232655190401669,0.2243088158581117,0.23265519040166927,0.24621804903495048,0.24934793948878453,0.24934793948878453,0.29264475743348983,0.32655190401669276,0.34011476264997387,0.3505477308294209
0.17840375586854462,0.17840375586854462,0.2222222222222222,0.2232655190401669,0.23265519040166927,0.23265519040166927,0.24152321335419924,0.2503912363067292,0.34220135628586335,0.3667188315075639,0.37141366718831503
0.1653625456442358,0.1653625456442358,0.1950965049556599,0.1950965049556599,0.21178925404277515,0.22691705790297345,0.2295252999478351,0.23317683881064166,0.34011476264997387,0.36463223787167454,0.3667188315075639
0.2013562858633281,0.20500782472613455,0.21126760563380287,0.21178925404277515,0.21178925404277515,0.21231090245174755,0.21335419926969224,0.29055816379760047,0.3218570683359415,0.34011476264997387,0.3474178403755869
0.1794470526864893,0.187793427230047,0.19092331768388104,0.2222222222222222,0.22743870631194574,0.23422013562858635,0.2535211267605634,0.26343244653103803,0.2712571726656233,0.34011476264997387,0.3515910276473657
0.1653625456442358,0.1653625456442358,0.17110067814293162,0.2164840897235264,0.2164840897235264,0.21752738654147108,0.21752738654147108,0.26238914971309335,0.30464267083985397,0.33333333333333337,0.33385498174230566
0.2013562858633281,0.2013562858633281,0.2013562858633281,0.21283255086071984,0.22013562858633284,0.22013562858633284,0.26238914971309335,0.26395409494001043,0.307772561293688,0.3088158581116328,0.3244653103808033
0.180490349504434,0.1945748565466875,0.20552947313510694,0.20709441836202402,0.24569640062597808,0.24830464267083985,0.24934793948878453,0.25612936880542514,0.3302034428794992,0.3302034428794992,0.3474178403755869
0.16431924882629112,0.18935837245696396,0.1935315597287428,0.19979134063641102,0.2013562858633281,0.20239958268127278,0.21961398017736045,0.29055816379760047,0.29107981220657275,0.33333333333333337,0.33333333333333337
